masked_ssn,SUM(transaction_value)
XXXXX9758,3804.9700000000003
XXXXX5343,601.91
XXXXX9628,2818.7700000000013
XXXXX5692,4803.44
XXXXX9918,2504.9200000000005
XXXXX1068,2810.5400000000004
XXXXX5295,2777.6899999999996
XXXXX9916,3405.4600000000014
XXXXX9909,3834.6700000000005
XXXXX1071,3834.75
